DM_st0,LFM_st0,DM_all,LFM_all,file,pp,condition
0.0022446662,0.17812368,0.0037400115,0.8158917,file117_explicitDeadline.csv,117,explicitDeadline
0.0002478884,0.98551315,0.008045353,0.006193645,file254_explicitDeadline.csv,254,explicitDeadline
0.30268127,0.35968056,0.16862512,0.16901311,file100_explicitDeadline.csv,100,explicitDeadline
0.0026556503,0.88575345,0.0027503874,0.10884057,file6_explicitDeadline.csv,6,explicitDeadline
0.007545327,0.42391807,0.009161105,0.55937546,file266_explicitDeadline.csv,266,explicitDeadline
0.001961613,0.23667584,0.001991064,0.75937146,file75_explicitDeadline.csv,75,explicitDeadline
0.10461409,0.20087525,0.120898284,0.57361245,file224_explicitDeadline.csv,224,explicitDeadline
0.0013252248,0.9423578,0.0014587999,0.054858167,file151_explicitDeadline.csv,151,explicitDeadline
0.0018333081,0.7962329,0.0020124598,0.1999213,file133_explicitDeadline.csv,133,explicitDeadline
0.0018272537,0.9458325,0.0018806958,0.050459594,file112_explicitDeadline.csv,112,explicitDeadline
0.0050944653,0.041115426,0.006600503,0.9471896,file310_explicitDeadline.csv,310,explicitDeadline
0.04808119,0.47857583,0.049267426,0.42407554,file240_explicitDeadline.csv,240,explicitDeadline
0.05768078,0.44864917,0.029735988,0.46393412,file17_explicitDeadline.csv,17,explicitDeadline
0.0037723575,0.9634366,0.0110310335,0.021759937,file134_explicitDeadline.csv,134,explicitDeadline
0.041389894,0.33083433,0.02652135,0.6012544,file198_explicitDeadline.csv,198,explicitDeadline
0.74334425,0.048666507,0.19004299,0.017946256,file20_explicitDeadline.csv,20,explicitDeadline
0.002247418,0.012981493,0.0020675596,0.98270357,file103_explicitDeadline.csv,103,explicitDeadline
0.0022145903,0.5310832,0.0022868563,0.46441528,file108_explicitDeadline.csv,108,explicitDeadline
0.019992257,0.8821321,0.01599478,0.08188082,file132_explicitDeadline.csv,132,explicitDeadline
0.004548161,0.2923337,0.0059615267,0.69715667,file257_explicitDeadline.csv,257,explicitDeadline
0.023724914,0.5262258,0.024978437,0.42507085,file277_explicitDeadline.csv,277,explicitDeadline
0.0032020211,0.022282636,0.0023492062,0.9721662,file285_explicitDeadline.csv,285,explicitDeadline
0.0022865064,0.89141107,0.0024459462,0.10385643,file303_explicitDeadline.csv,303,explicitDeadline
0.0020343969,0.8478114,0.0022224397,0.14793178,file252_explicitDeadline.csv,252,explicitDeadline
0.009918348,0.64523673,0.010153477,0.3346914,file101_explicitDeadline.csv,101,explicitDeadline
0.0055486998,0.6215115,0.0056629046,0.36727694,file148_explicitDeadline.csv,148,explicitDeadline
0.0024154857,0.88153607,0.0024972686,0.11355118,file53_explicitDeadline.csv,53,explicitDeadline
0.0017595708,0.92568743,0.0019345407,0.07061854,file143_explicitDeadline.csv,143,explicitDeadline
0.18787101,0.14334479,0.24189514,0.426889,file241_explicitDeadline.csv,241,explicitDeadline
0.0018724822,0.40841854,0.0023685277,0.5873405,file90_explicitDeadline.csv,90,explicitDeadline
4.3965814e-05,0.99805886,7.1674505e-05,0.0018254633,file73_explicitDeadline.csv,73,explicitDeadline
0.0019127459,0.35789728,0.0020009514,0.6381891,file60_explicitDeadline.csv,60,explicitDeadline
0.007342359,0.9411521,0.01086317,0.040642418,file23_explicitDeadline.csv,23,explicitDeadline
0.054094054,0.6796818,0.04029263,0.22593157,file106_explicitDeadline.csv,106,explicitDeadline
0.002408976,0.8628652,0.0025803656,0.13214548,file105_explicitDeadline.csv,105,explicitDeadline
0.057761684,0.48055595,0.044275533,0.41740686,file317_explicitDeadline.csv,317,explicitDeadline
0.14120993,0.28618988,0.17808816,0.39451203,file244_explicitDeadline.csv,244,explicitDeadline
0.0037152292,0.8314196,0.00352609,0.1613391,file258_explicitDeadline.csv,258,explicitDeadline
0.0039506536,0.03253817,0.0044571976,0.95905405,file204_explicitDeadline.csv,204,explicitDeadline
0.007572411,0.8704707,0.006834465,0.11512243,file259_explicitDeadline.csv,259,explicitDeadline
0.0018719896,0.6565986,0.0019055764,0.33962384,file176_explicitDeadline.csv,176,explicitDeadline
0.0023231932,0.17443572,0.0032514432,0.81998974,file248_explicitDeadline.csv,248,explicitDeadline
0.002189562,0.221876,0.0022960631,0.77363837,file13_explicitDeadline.csv,13,explicitDeadline
0.0018793197,0.5275435,0.0018685309,0.46870863,file149_explicitDeadline.csv,149,explicitDeadline
0.0054043033,0.7508362,0.005314141,0.23844537,file47_explicitDeadline.csv,47,explicitDeadline
0.3773024,0.19787812,0.22468121,0.20013824,file2_explicitDeadline.csv,2,explicitDeadline
0.0031654213,0.59792656,0.0027287544,0.39617932,file196_explicitDeadline.csv,196,explicitDeadline
0.0013587343,0.9372875,0.0014700508,0.059883714,file24_explicitDeadline.csv,24,explicitDeadline
0.03975266,0.75333554,0.028277716,0.1786341,file233_explicitDeadline.csv,233,explicitDeadline
0.0019494193,0.56925637,0.001984824,0.4268094,file34_explicitDeadline.csv,34,explicitDeadline
0.001789165,0.48445982,0.001833254,0.51191777,file278_explicitDeadline.csv,278,explicitDeadline
0.0024885293,0.78587663,0.0023513068,0.20928365,file315_explicitDeadline.csv,315,explicitDeadline
0.018187817,0.7175522,0.013948559,0.25031146,file298_explicitDeadline.csv,298,explicitDeadline
0.0018413807,0.7074321,0.0019116265,0.28881487,file95_explicitDeadline.csv,95,explicitDeadline
0.0024097066,0.5905852,0.002666507,0.40433866,file169_explicitDeadline.csv,169,explicitDeadline
0.0020936222,0.8692194,0.0023681782,0.12631871,file177_explicitDeadline.csv,177,explicitDeadline
0.031937536,0.15049192,0.059572645,0.75799793,file70_explicitDeadline.csv,70,explicitDeadline
0.0017987954,0.7727248,0.0020157876,0.22346057,file89_explicitDeadline.csv,89,explicitDeadline
0.0019935998,0.8438162,0.0021110892,0.15207915,file272_explicitDeadline.csv,272,explicitDeadline
0.007994025,0.7866333,0.006929826,0.19844282,file195_explicitDeadline.csv,195,explicitDeadline
0.0021002006,0.46133965,0.0019279234,0.53463215,file189_explicitDeadline.csv,189,explicitDeadline
0.0019057632,0.9044937,0.0021776604,0.091422975,file249_explicitDeadline.csv,249,explicitDeadline
0.002207464,0.8577989,0.0022428576,0.13775079,file66_explicitDeadline.csv,66,explicitDeadline
0.0020937808,0.8338844,0.002184625,0.16183725,file263_explicitDeadline.csv,263,explicitDeadline
0.0019797708,0.27496043,0.0020978262,0.72096205,file10_explicitDeadline.csv,10,explicitDeadline
0.0018541242,0.9301396,0.0019634003,0.066042885,file155_explicitDeadline.csv,155,explicitDeadline
0.009581407,0.92012775,0.00992527,0.06036552,file9_explicitDeadline.csv,9,explicitDeadline
0.0022619904,0.8513167,0.0023901167,0.14403127,file182_explicitDeadline.csv,182,explicitDeadline
0.0014894145,0.9741795,0.010726551,0.0136045385,file45_explicitDeadline.csv,45,explicitDeadline
0.0020023505,0.40762383,0.0025552125,0.58781856,file43_explicitDeadline.csv,43,explicitDeadline
0.009767614,0.73658496,0.00832407,0.24532339,file314_explicitDeadline.csv,314,explicitDeadline
0.0025926377,0.8461236,0.00239762,0.14888613,file234_explicitDeadline.csv,234,explicitDeadline
0.0023059368,0.91123235,0.0022298724,0.084231816,file230_explicitDeadline.csv,230,explicitDeadline
0.0014945159,0.60765725,0.0018199084,0.38902834,file165_explicitDeadline.csv,165,explicitDeadline
0.010160965,0.7202909,0.015786268,0.25376186,file154_explicitDeadline.csv,154,explicitDeadline
0.0017968244,0.70220757,0.0018541109,0.2941415,file164_explicitDeadline.csv,164,explicitDeadline
0.0037164125,0.860527,0.0035344658,0.13222218,file168_explicitDeadline.csv,168,explicitDeadline
0.0050025275,0.9547554,0.013208579,0.027033497,file99_explicitDeadline.csv,99,explicitDeadline
0.06258504,0.6623974,0.044792462,0.23022507,file50_explicitDeadline.csv,50,explicitDeadline
8.872467e-05,0.9961409,0.00019117232,0.0035792599,file301_explicitDeadline.csv,301,explicitDeadline
0.0038762067,0.52682287,0.005555151,0.4637457,file299_explicitDeadline.csv,299,explicitDeadline
0.037873548,0.17009392,0.05775528,0.73427725,file59_explicitDeadline.csv,59,explicitDeadline
0.0018818693,0.7908551,0.0020608457,0.20520227,file228_explicitDeadline.csv,228,explicitDeadline
0.0018851523,0.7840171,0.0020736498,0.21202412,file250_explicitDeadline.csv,250,explicitDeadline
0.001794209,0.87674195,0.0021336344,0.11933028,file243_explicitDeadline.csv,243,explicitDeadline
0.00017020972,0.99456173,0.0011444823,0.0041235858,file128_explicitDeadline.csv,128,explicitDeadline
0.0033326296,0.8625581,0.0032458361,0.1308635,file242_explicitDeadline.csv,242,explicitDeadline
0.0011080819,0.9246437,0.058774166,0.015474135,file61_explicitDeadline.csv,61,explicitDeadline
0.009413895,0.18206553,0.015691781,0.79282886,file57_explicitDeadline.csv,57,explicitDeadline
0.0018488728,0.8355799,0.0020569165,0.1605143,file295_explicitDeadline.csv,295,explicitDeadline
0.013860991,0.45593014,0.009858398,0.52035046,file153_explicitDeadline.csv,153,explicitDeadline
0.045515623,0.50380266,0.03637505,0.41430673,file307_explicitDeadline.csv,307,explicitDeadline
0.13104472,0.4847163,0.11005551,0.27418348,file211_explicitDeadline.csv,211,explicitDeadline
0.0015895354,0.90777105,0.0018800475,0.088759325,file40_explicitDeadline.csv,40,explicitDeadline
0.0023020988,0.5697847,0.0020792075,0.42583403,file48_explicitDeadline.csv,48,explicitDeadline
0.1522568,0.1918883,0.1150688,0.5407861,file124_explicitDeadline.csv,124,explicitDeadline
0.006000167,0.7297995,0.004109709,0.2600906,file184_explicitDeadline.csv,184,explicitDeadline
0.0021290886,0.8257389,0.0023223255,0.16980961,file125_explicitDeadline.csv,125,explicitDeadline
0.0019881793,0.88801426,0.0022381048,0.10775944,file238_explicitDeadline.csv,238,explicitDeadline
0.06552477,0.43382165,0.08445942,0.4161942,file289_explicitDeadline.csv,289,explicitDeadline
0.06051255,0.49205178,0.036143478,0.41129214,file218_explicitDeadline.csv,218,explicitDeadline
0.0020730027,0.3582813,0.0023514407,0.6372943,file7_explicitDeadline.csv,7,explicitDeadline
